model,model_id,dataset,rho,u,v,p,average,ci95_half,strategy,n_traj
FNO,fno_38m_kh,KH,6.2421,11.1836,32.2342,0.5405,12.5501,0.3680,rollout662,240
FNO,fno_38m_rc,RC,26.3055,53.6219,53.4156,9.1627,35.6264,0.7029,rollout662,240
FNO,fno_38m_rkh,RKH,10.0751,26.3552,25.6686,4.5368,16.6589,0.8991,rollout662,240
CNO,cno_38m_kh,KH,5.2342,9.1344,25.7173,0.5247,10.1526,0.2972,rollout662,240
CNO,cno_38m_rc,RC,23.7783,47.9257,47.8559,8.8240,32.0960,0.7613,rollout662,240
CNO,cno_38m_rkh,RKH,6.7881,18.8257,18.5021,3.1736,11.8224,0.8218,rollout662,240
ViT,vit_38m_kh,KH,4.6394,8.2512,23.3265,0.5089,9.1815,0.2662,rollout662,240
ViT,vit_38m_rc,RC,33.1191,76.5931,72.3919,12.7456,48.7124,1.1233,rollout662,240
ViT,vit_38m_rkh,RKH,9.0856,20.8568,19.6577,3.1806,13.1952,0.8057,rollout662,240
Continuous Transformer,continuous_38m_kh,KH,4.6419,8.3366,23.5286,0.6095,9.2791,0.3013,rollout662,240
Continuous Transformer,continuous_38m_rc,RC,99.6250,241.4104,213.6047,46.2958,150.2340,2.2872,rollout662,240
Continuous Transformer,continuous_38m_rkh,RKH,7.0947,18.0925,17.8749,3.1815,11.5609,0.7125,rollout662,240
VQ-VAE-2,vqvae2_38m_kh,KH,7.9514,13.8968,38.0420,0.6848,15.1438,0.4787,rollout662,240
VQ-VAE-2,vqvae2_38m_rc,RC,33.5023,66.4363,66.6379,11.7773,44.5885,0.8985,rollout662,240
VQ-VAE-2,vqvae2_38m_rkh,RKH,14.7317,38.0878,37.2870,7.9709,24.5193,1.1089,rollout662,240
FSQ,fsq_38m_kh,KH,5.2988,10.9068,28.2727,0.6247,11.2757,0.3354,rollout662,240
FSQ,fsq_38m_rc,RC,28.1238,57.0817,56.7739,10.2099,38.0473,1.0456,rollout662,240
FSQ,fsq_38m_rkh,RKH,10.3691,27.7321,28.7816,5.0803,17.9908,1.3714,rollout662,240
Phaedra,phaedra_38m_kh,KH,4.7887,8.6829,24.8526,0.5289,9.7133,0.3390,rollout662,240
Phaedra,phaedra_38m_rc,RC,20.6572,40.7320,40.4231,7.0193,27.2079,0.7019,rollout662,240
Phaedra,phaedra_38m_rkh,RKH,6.5238,16.0110,15.6434,2.7405,10.2297,0.8047,rollout662,240
