model,model_id,dataset,t2,t4,t6,t8,t10,t12,t14
FNO,fno_38m_kh,KH,6.6327,7.4873,8.4140,9.5113,10.7052,11.8754,13.3169
CNO,cno_38m_kh,KH,5.1465,5.7301,6.2711,7.0541,7.9645,8.9263,10.1502
ViT,vit_38m_kh,KH,5.2027,5.5020,5.9021,6.6346,7.5638,8.5382,9.6798
Continuous Transformer,continuous_38m_kh,KH,6.1462,6.2234,7.4701,7.9820,8.4886,9.2782,10.2466
VQ-VAE-2,vqvae2_38m_kh,KH,12.1927,11.5703,11.9293,13.1570,15.0141,17.4360,20.3885
FSQ,fsq_38m_kh,KH,6.7823,7.6646,8.3501,9.2137,10.3282,11.6668,13.2836
Phaedra,phaedra_38m_kh,KH,5.6385,6.5883,7.8314,8.4746,9.4221,10.6497,12.1373
FNO,fno_38m_rc,RC,17.2867,20.7034,24.2982,27.7057,30.4931,33.1195,35.9475
CNO,cno_38m_rc,RC,7.6131,11.2376,15.2843,19.3671,23.0218,26.4673,29.9229
ViT,vit_38m_rc,RC,16.5321,24.8677,35.4740,46.2468,55.2006,62.9534,70.1856
Continuous Transformer,continuous_38m_rc,RC,113.7561,133.6468,139.8387,143.2712,143.7420,145.0131,147.4207
VQ-VAE-2,vqvae2_38m_rc,RC,19.7299,27.6796,36.2996,44.5323,51.3949,57.6065,63.7351
FSQ,fsq_38m_rc,RC,10.9590,16.0472,21.7986,27.3243,31.8399,35.7706,39.2900
Phaedra,phaedra_38m_rc,RC,7.1424,10.7069,15.4476,20.6139,25.5273,30.2239,34.9454
FNO,fno_38m_rkh,RKH,5.4278,6.8840,9.3710,12.0528,13.6924,15.6382,17.9836
CNO,cno_38m_rkh,RKH,2.5034,3.4788,5.0442,6.9089,8.4359,10.3373,12.4105
ViT,vit_38m_rkh,RKH,4.6028,5.5362,7.3610,9.4824,10.9844,12.8719,15.0551
Continuous Transformer,continuous_38m_rkh,RKH,3.4894,4.9342,7.8394,10.8922,13.0483,15.6024,18.7946
VQ-VAE-2,vqvae2_38m_rkh,RKH,9.1180,12.8068,18.5459,24.7741,29.1508,33.6098,37.8035
FSQ,fsq_38m_rkh,RKH,4.7122,6.9783,10.8164,15.3555,18.8855,23.3419,28.5882
Phaedra,phaedra_38m_rkh,RKH,2.8339,3.8367,5.6186,7.7408,9.3184,11.2925,13.6161
