tokenizer,dataset,rho,u,v,p,average,n_traj
Phaedra,KH,0.4940,0.6375,1.0226,0.0118,0.5415,16
Phaedra,RC,3.2542,4.5151,4.4835,0.9651,3.3045,16
Phaedra,RKH,1.4698,2.0704,1.9268,0.4794,1.4866,16
FSQ,KH,0.8343,1.1178,2.0526,0.0257,1.0076,16
FSQ,RC,4.9054,7.1480,7.0386,1.5593,5.1628,16
FSQ,RKH,2.0964,3.2910,3.1870,0.8678,2.3605,16
VQ-VAE-2,KH,1.6581,1.2961,2.4759,0.0412,1.3678,16
VQ-VAE-2,RC,8.4327,11.4818,11.2832,2.3784,8.3941,16
VQ-VAE-2,RKH,3.0476,4.9400,4.7091,1.0881,3.4462,16
Continuous AE,KH,0.2027,0.3838,0.4860,0.0034,0.2690,16
Continuous AE,RC,1.4654,2.0231,2.0053,0.4072,1.4753,16
Continuous AE,RKH,0.7014,0.8709,0.8159,0.2020,0.6476,16
